-- MySQL Script generated by MySQL Workbench
-- Mon Feb 14 20:29:34 2022
-- Model: New Model    Version: 1.0
-- MySQL Workbench Forward Engineering

SET @OLD_UNIQUE_CHECKS=@@UNIQUE_CHECKS, UNIQUE_CHECKS=0;
SET @OLD_FOREIGN_KEY_CHECKS=@@FOREIGN_KEY_CHECKS, FOREIGN_KEY_CHECKS=0;
SET @OLD_SQL_MODE=@@SQL_MODE, SQL_MODE='ONLY_FULL_GROUP_BY,STRICT_TRANS_TABLES,NO_ZERO_IN_DATE,NO_ZERO_DATE,ERROR_FOR_DIVISION_BY_ZERO,NO_ENGINE_SUBSTITUTION';

-- -----------------------------------------------------
-- Schema jra19j
-- -----------------------------------------------------
DROP SCHEMA IF EXISTS `jra19j` ;

-- -----------------------------------------------------
-- Schema jra19j
-- -----------------------------------------------------
CREATE SCHEMA IF NOT EXISTS `jra19j` DEFAULT CHARACTER SET utf8mb4 ;
SHOW WARNINGS;
USE `jra19j` ;

-- -----------------------------------------------------
-- Table `jra19j`.`petstore`
-- -----------------------------------------------------
DROP TABLE IF EXISTS `jra19j`.`petstore` ;

SHOW WARNINGS;
CREATE TABLE IF NOT EXISTS `jra19j`.`petstore` (
  `pst_id` SMALLINT UNSIGNED NOT NULL AUTO_INCREMENT,
  `pst_name` VARCHAR(30) NOT NULL,
  `pst_street` VARCHAR(30) NOT NULL,
  `pst_city` VARCHAR(30) NOT NULL,
  `pst_state` CHAR(2) NOT NULL,
  `pst_zip` CHAR(9) NOT NULL,
  `pst_phone` BIGINT UNSIGNED NOT NULL,
  `pst_email` VARCHAR(100) NOT NULL,
  `pst_url` VARCHAR(100) NOT NULL,
  `pst_ytd_sales` DECIMAL(10,2) NOT NULL,
  `pst_notes` VARCHAR(255) NULL,
  PRIMARY KEY (`pst_id`))
ENGINE = InnoDB;

SHOW WARNINGS;

-- -----------------------------------------------------
-- Table `jra19j`.`customer`
-- -----------------------------------------------------
DROP TABLE IF EXISTS `jra19j`.`customer` ;

SHOW WARNINGS;
CREATE TABLE IF NOT EXISTS `jra19j`.`customer` (
  `cus_id` SMALLINT UNSIGNED NOT NULL AUTO_INCREMENT,
  `cus_fname` VARCHAR(15) NOT NULL,
  `cus_lname` VARCHAR(30) NOT NULL,
  `cus_street` VARCHAR(30) NOT NULL,
  `cus_city` VARCHAR(30) NOT NULL,
  `cus_state` CHAR(2) NOT NULL,
  `cus_zip` CHAR(9) NOT NULL,
  `cus_phone` BIGINT UNSIGNED NOT NULL,
  `cus_email` VARCHAR(100) NOT NULL,
  `cus_balance` DECIMAL(8,2) NOT NULL,
  `cus_total_sales` DECIMAL(8,2) NOT NULL,
  `cus_notes` VARCHAR(255) NULL,
  PRIMARY KEY (`cus_id`))
ENGINE = InnoDB;

SHOW WARNINGS;

-- -----------------------------------------------------
-- Table `jra19j`.`pet`
-- -----------------------------------------------------
DROP TABLE IF EXISTS `jra19j`.`pet` ;

SHOW WARNINGS;
CREATE TABLE IF NOT EXISTS `jra19j`.`pet` (
  `pet_id` SMALLINT UNSIGNED NOT NULL AUTO_INCREMENT,
  `pst_id` SMALLINT UNSIGNED NOT NULL,
  `cus_id` SMALLINT UNSIGNED NULL,
  `pet_type` VARCHAR(45) NOT NULL,
  `pet_sex` ENUM('m', 'f') NOT NULL,
  `pet_cost` DECIMAL(6,2) NOT NULL,
  `pet_price` DECIMAL(6,2) NOT NULL,
  `pet_age` TINYINT NOT NULL,
  `pet_color` VARCHAR(30) NOT NULL,
  `pet_sale_date` DATE NULL,
  `pet_vaccine` ENUM('y', 'n') NOT NULL,
  `pet_neuter` ENUM('y', 'n') NOT NULL,
  `pet_notes` VARCHAR(255) NULL,
  PRIMARY KEY (`pet_id`),
  INDEX `fk_pet_petstore_idx` (`pst_id` ASC) VISIBLE,
  INDEX `fk_pet_customer1_idx` (`cus_id` ASC) VISIBLE,
  CONSTRAINT `fk_pet_petstore`
    FOREIGN KEY (`pst_id`)
    REFERENCES `jra19j`.`petstore` (`pst_id`)
    ON DELETE CASCADE
    ON UPDATE CASCADE,
  CONSTRAINT `fk_pet_customer1`
    FOREIGN KEY (`cus_id`)
    REFERENCES `jra19j`.`customer` (`cus_id`)
    ON DELETE CASCADE
    ON UPDATE CASCADE)
ENGINE = InnoDB;

SHOW WARNINGS;

SET SQL_MODE=@OLD_SQL_MODE;
SET FOREIGN_KEY_CHECKS=@OLD_FOREIGN_KEY_CHECKS;
SET UNIQUE_CHECKS=@OLD_UNIQUE_CHECKS;

-- -----------------------------------------------------
-- Data for table `jra19j`.`petstore`
-- -----------------------------------------------------
START TRANSACTION;
USE `jra19j`;
INSERT INTO `jra19j`.`petstore` (`pst_id`, `pst_name`, `pst_street`, `pst_city`, `pst_state`, `pst_zip`, `pst_phone`, `pst_email`, `pst_url`, `pst_ytd_sales`, `pst_notes`) VALUES (1, 'petstone', '54613 Sw 24th Ave', 'Miami', 'FL', '12345', 7869253927, 'petstone@email.com', 'petstone.com', 1111111, NULL);
INSERT INTO `jra19j`.`petstore` (`pst_id`, `pst_name`, `pst_street`, `pst_city`, `pst_state`, `pst_zip`, `pst_phone`, `pst_email`, `pst_url`, `pst_ytd_sales`, `pst_notes`) VALUES (2, 'petsttwo', '78916 Nw 12th St', 'Miami', 'FL', '54321', 4831879144, 'petsttwo@email.com', 'petsttwo.com', 2222222, NULL);
INSERT INTO `jra19j`.`petstore` (`pst_id`, `pst_name`, `pst_street`, `pst_city`, `pst_state`, `pst_zip`, `pst_phone`, `pst_email`, `pst_url`, `pst_ytd_sales`, `pst_notes`) VALUES (3, 'petstthree', '48167 Sw 23th St', 'Tampa', 'FL', '17849', 4564247891, 'petstthree@gmail.com', 'petstthree.com', 3333333, NULL);
INSERT INTO `jra19j`.`petstore` (`pst_id`, `pst_name`, `pst_street`, `pst_city`, `pst_state`, `pst_zip`, `pst_phone`, `pst_email`, `pst_url`, `pst_ytd_sales`, `pst_notes`) VALUES (4, 'petstfour', '64943 Nw 21th St', 'Tampa', 'FL', '45613', 0143843175, 'petstfour@email.com', 'petstfour.com', 4444444, NULL);
INSERT INTO `jra19j`.`petstore` (`pst_id`, `pst_name`, `pst_street`, `pst_city`, `pst_state`, `pst_zip`, `pst_phone`, `pst_email`, `pst_url`, `pst_ytd_sales`, `pst_notes`) VALUES (5, 'petstfive', '27451 Sw 82nd St', 'Tallahassee', 'FL', '54816', 1754681764, 'petstfive@email.com', 'petstfive.com', 5555555, NULL);
INSERT INTO `jra19j`.`petstore` (`pst_id`, `pst_name`, `pst_street`, `pst_city`, `pst_state`, `pst_zip`, `pst_phone`, `pst_email`, `pst_url`, `pst_ytd_sales`, `pst_notes`) VALUES (6, 'petstsix', '26145 Nw 72nd St', 'Tallahassee', 'FL', '18462', 4843481849, 'petstsix@email.com', 'petstsix.com', 6666666, NULL);
INSERT INTO `jra19j`.`petstore` (`pst_id`, `pst_name`, `pst_street`, `pst_city`, `pst_state`, `pst_zip`, `pst_phone`, `pst_email`, `pst_url`, `pst_ytd_sales`, `pst_notes`) VALUES (7, 'petstseven', '34111 Sw 23rd St', 'Jacksonville', 'FL', '48785', 1574416497, 'petstseven@email.com', 'petstseven.com', 7777777, NULL);
INSERT INTO `jra19j`.`petstore` (`pst_id`, `pst_name`, `pst_street`, `pst_city`, `pst_state`, `pst_zip`, `pst_phone`, `pst_email`, `pst_url`, `pst_ytd_sales`, `pst_notes`) VALUES (8, 'petsteight', '12345 Nw 67th St', 'Jacksonville', 'FL', '45687', 0145238946, 'petsteight@email.com', 'petsteight.com', 8888888, NULL);
INSERT INTO `jra19j`.`petstore` (`pst_id`, `pst_name`, `pst_street`, `pst_city`, `pst_state`, `pst_zip`, `pst_phone`, `pst_email`, `pst_url`, `pst_ytd_sales`, `pst_notes`) VALUES (9, 'petstnine', '54321 Sw 92nd St', 'Orlando', 'FL', '19084', 7894168243, 'petstnine@email.com', 'petstnine.com', 9999999, NULL);
INSERT INTO `jra19j`.`petstore` (`pst_id`, `pst_name`, `pst_street`, `pst_city`, `pst_state`, `pst_zip`, `pst_phone`, `pst_email`, `pst_url`, `pst_ytd_sales`, `pst_notes`) VALUES (10, 'petstten', '64517 Nw 24th St', 'Orlando', 'FL', '18164', 0154972345, 'petstten@email.com', 'petstten.com', 4897564, NULL);

COMMIT;


-- -----------------------------------------------------
-- Data for table `jra19j`.`customer`
-- -----------------------------------------------------
START TRANSACTION;
USE `jra19j`;
INSERT INTO `jra19j`.`customer` (`cus_id`, `cus_fname`, `cus_lname`, `cus_street`, `cus_city`, `cus_state`, `cus_zip`, `cus_phone`, `cus_email`, `cus_balance`, `cus_total_sales`, `cus_notes`) VALUES (1, 'John', 'Smith', '12546 Sw 23nd St', 'Miami', 'FL', '15478', 4567891230, 'jsmith@email.com', 124578, 121212, NULL);
INSERT INTO `jra19j`.`customer` (`cus_id`, `cus_fname`, `cus_lname`, `cus_street`, `cus_city`, `cus_state`, `cus_zip`, `cus_phone`, `cus_email`, `cus_balance`, `cus_total_sales`, `cus_notes`) VALUES (2, 'Alex', 'Smith', '27461 Nw 28th St', 'Miami', 'FL', '45671', 7894561230, 'Asmith@email.com', 784512, 232323, NULL);
INSERT INTO `jra19j`.`customer` (`cus_id`, `cus_fname`, `cus_lname`, `cus_street`, `cus_city`, `cus_state`, `cus_zip`, `cus_phone`, `cus_email`, `cus_balance`, `cus_total_sales`, `cus_notes`) VALUES (3, 'Brett', 'Smith', '27183 Sw 81st St', 'Orlando', 'FL', '29716', 0123456789, 'bsmith@email.com', 124569, 565656, NULL);
INSERT INTO `jra19j`.`customer` (`cus_id`, `cus_fname`, `cus_lname`, `cus_street`, `cus_city`, `cus_state`, `cus_zip`, `cus_phone`, `cus_email`, `cus_balance`, `cus_total_sales`, `cus_notes`) VALUES (4, 'Andrew', 'Smith', '27153 Nw 24th St', 'Orlando', 'FL', '16479', 0987654321, 'aasmith@gmail.com', 859623, 898989, NULL);
INSERT INTO `jra19j`.`customer` (`cus_id`, `cus_fname`, `cus_lname`, `cus_street`, `cus_city`, `cus_state`, `cus_zip`, `cus_phone`, `cus_email`, `cus_balance`, `cus_total_sales`, `cus_notes`) VALUES (5, 'Matthew', 'Smith', '81745 Sw 23rd St', 'Tallahassee', 'FL', '31456', 0147258369, 'msmith@email.com', 124589, 787878, NULL);
INSERT INTO `jra19j`.`customer` (`cus_id`, `cus_fname`, `cus_lname`, `cus_street`, `cus_city`, `cus_state`, `cus_zip`, `cus_phone`, `cus_email`, `cus_balance`, `cus_total_sales`, `cus_notes`) VALUES (6, 'Jose', 'Jones', '11111 Nw 83rd St', 'Tallahassee', 'FL', '45612', 0741852963, 'jjones@email.com', 102548, 454545, NULL);
INSERT INTO `jra19j`.`customer` (`cus_id`, `cus_fname`, `cus_lname`, `cus_street`, `cus_city`, `cus_state`, `cus_zip`, `cus_phone`, `cus_email`, `cus_balance`, `cus_total_sales`, `cus_notes`) VALUES (7, 'Chris', 'Jones', '22222 Sw 23rd St', 'Tampa', 'FL', '17985', 0963852741, 'cjones@email.com', 103987, 252525, NULL);
INSERT INTO `jra19j`.`customer` (`cus_id`, `cus_fname`, `cus_lname`, `cus_street`, `cus_city`, `cus_state`, `cus_zip`, `cus_phone`, `cus_email`, `cus_balance`, `cus_total_sales`, `cus_notes`) VALUES (8, 'Nick', 'Jones', '33333 Nw 34th St', 'Tampa', 'FL', '46875', 0951357482, 'njones@email.com', 105497, 363636, NULL);
INSERT INTO `jra19j`.`customer` (`cus_id`, `cus_fname`, `cus_lname`, `cus_street`, `cus_city`, `cus_state`, `cus_zip`, `cus_phone`, `cus_email`, `cus_balance`, `cus_total_sales`, `cus_notes`) VALUES (9, 'Thomas', 'Jones', '44444 Sw 92nd St', 'Jacksonville', 'FL', '13494', 0753924861, 'tjones@email.com', 526498, 696969, NULL);
INSERT INTO `jra19j`.`customer` (`cus_id`, `cus_fname`, `cus_lname`, `cus_street`, `cus_city`, `cus_state`, `cus_zip`, `cus_phone`, `cus_email`, `cus_balance`, `cus_total_sales`, `cus_notes`) VALUES (10, 'Ryan', 'Jones', '55555 Nw 23rd St', 'Jacksonville', 'FL', '52974', 0187613400, 'rjones@email.com', 461321, 585858, NULL);

COMMIT;


-- -----------------------------------------------------
-- Data for table `jra19j`.`pet`
-- -----------------------------------------------------
START TRANSACTION;
USE `jra19j`;
INSERT INTO `jra19j`.`pet` (`pet_id`, `pst_id`, `cus_id`, `pet_type`, `pet_sex`, `pet_cost`, `pet_price`, `pet_age`, `pet_color`, `pet_sale_date`, `pet_vaccine`, `pet_neuter`, `pet_notes`) VALUES (1, 1, 1, 'dog', 'm', 1000, 1001, 2, 'brown', '2020-01-01', 'y', 'n', NULL);
INSERT INTO `jra19j`.`pet` (`pet_id`, `pst_id`, `cus_id`, `pet_type`, `pet_sex`, `pet_cost`, `pet_price`, `pet_age`, `pet_color`, `pet_sale_date`, `pet_vaccine`, `pet_neuter`, `pet_notes`) VALUES (2, 2, 2, 'cat', 'f', 1000, 1002, 3, 'black', '2020-02-02', 'n', 'y', NULL);
INSERT INTO `jra19j`.`pet` (`pet_id`, `pst_id`, `cus_id`, `pet_type`, `pet_sex`, `pet_cost`, `pet_price`, `pet_age`, `pet_color`, `pet_sale_date`, `pet_vaccine`, `pet_neuter`, `pet_notes`) VALUES (3, 3, 3, 'bird', 'm', 2000, 2001, 2, 'white', '2020-03-03', 'y', 'n', NULL);
INSERT INTO `jra19j`.`pet` (`pet_id`, `pst_id`, `cus_id`, `pet_type`, `pet_sex`, `pet_cost`, `pet_price`, `pet_age`, `pet_color`, `pet_sale_date`, `pet_vaccine`, `pet_neuter`, `pet_notes`) VALUES (4, 4, 4, 'dog', 'f', 3000, 3001, 1, 'amber', '2020-04-04', 'n', 'y', NULL);
INSERT INTO `jra19j`.`pet` (`pet_id`, `pst_id`, `cus_id`, `pet_type`, `pet_sex`, `pet_cost`, `pet_price`, `pet_age`, `pet_color`, `pet_sale_date`, `pet_vaccine`, `pet_neuter`, `pet_notes`) VALUES (5, 5, 5, 'cat', 'm', 4000, 4001, 4, 'blonde', '2020-05-05', 'y', 'n', NULL);
INSERT INTO `jra19j`.`pet` (`pet_id`, `pst_id`, `cus_id`, `pet_type`, `pet_sex`, `pet_cost`, `pet_price`, `pet_age`, `pet_color`, `pet_sale_date`, `pet_vaccine`, `pet_neuter`, `pet_notes`) VALUES (6, 6, 6, 'bird', 'f', 5000, 5001, 3, 'brown', '2020-06-06', 'n', 'y', NULL);
INSERT INTO `jra19j`.`pet` (`pet_id`, `pst_id`, `cus_id`, `pet_type`, `pet_sex`, `pet_cost`, `pet_price`, `pet_age`, `pet_color`, `pet_sale_date`, `pet_vaccine`, `pet_neuter`, `pet_notes`) VALUES (7, 7, 7, 'dog', 'm', 6000, 6001, 1, 'black', '2020-07-07', 'y', 'n', NULL);
INSERT INTO `jra19j`.`pet` (`pet_id`, `pst_id`, `cus_id`, `pet_type`, `pet_sex`, `pet_cost`, `pet_price`, `pet_age`, `pet_color`, `pet_sale_date`, `pet_vaccine`, `pet_neuter`, `pet_notes`) VALUES (8, 8, 8, 'cat', 'f', 7000, 7001, 2, 'white', '2020-08-08', 'n', 'y', NULL);
INSERT INTO `jra19j`.`pet` (`pet_id`, `pst_id`, `cus_id`, `pet_type`, `pet_sex`, `pet_cost`, `pet_price`, `pet_age`, `pet_color`, `pet_sale_date`, `pet_vaccine`, `pet_neuter`, `pet_notes`) VALUES (9, 9, 9, 'bird', 'm', 8000, 8001, 3, 'amber', '2020-09-09', 'y', 'n', NULL);
INSERT INTO `jra19j`.`pet` (`pet_id`, `pst_id`, `cus_id`, `pet_type`, `pet_sex`, `pet_cost`, `pet_price`, `pet_age`, `pet_color`, `pet_sale_date`, `pet_vaccine`, `pet_neuter`, `pet_notes`) VALUES (10, 10, 10, 'dog', 'f', 9000, 9001, 4, 'blonde', '2020-10-10', 'n', 'y', NULL);

COMMIT;

